index,atom,disp_mag,dx,dy,dz
1,Na,3.00000e-02,-3.00000e-02,0.00000e+00,0.00000e+00
2,Na,3.00000e-02,3.00000e-02,0.00000e+00,0.00000e+00
